<?xml version="1.0" encoding="utf-8" standalone="yes"?>
<rss version="2.0" xmlns:atom="http://www.w3.org/2005/Atom">
  <channel>
    <title>Team on Desarrollo, Geomática y Topografía</title>
    <link>http://geoytopo.com/team/</link>
    <description>Recent content in Team on Desarrollo, Geomática y Topografía</description>
    <generator>Hugo -- gohugo.io</generator>
    <language>en-us</language>
    <lastBuildDate>Mon, 19 Nov 2018 10:47:58 +1000</lastBuildDate><atom:link href="http://geoytopo.com/team/index.xml" rel="self" type="application/rss+xml" />
    <item>
      <title>Ing. Ulises Ibarra</title>
      <link>http://geoytopo.com/team/ing-ulises-ibarra/</link>
      <pubDate>Mon, 19 Nov 2018 10:47:58 +1000</pubDate>
      
      <guid>http://geoytopo.com/team/ing-ulises-ibarra/</guid>
      <description>Ing. Topógrafo y Geodesta, egresado de la Facultad de Ingeniería de la Universidad Nacional Autónoma de México.</description>
    </item>
    
  </channel>
</rss>
