<?xml version="1.0" encoding="utf-8" standalone="yes"?>
<rss version="2.0" xmlns:atom="http://www.w3.org/2005/Atom">
  <channel>
    <title>Tags on Desarrollo, Geomática y Topografía</title>
    <link>http://geoytopo.com/tags/</link>
    <description>Recent content in Tags on Desarrollo, Geomática y Topografía</description>
    <generator>Hugo -- gohugo.io</generator>
    <language>en-us</language><atom:link href="http://geoytopo.com/tags/index.xml" rel="self" type="application/rss+xml" />
  </channel>
</rss>
